{
    "reusePaths": {},
    "Modules": {
        "...MASTER...": {
            "start_perf": [
                0.59142303466796875,
                0.46063599999999999,
                0.075814999999999994,
                286036,
                287864,
                1731999740.394629,
                49853841853084
            ],
            "child_modules": {
                "top_tb": 1,
                "std": 1
            },
            "end_perf": [
                0.59647893905639648,
                0.46464100000000003,
                0.076866000000000004,
                287020,
                287864,
                49853853509215,
                0,
                0
            ],
            "nRouts": 5,
            "nQuads": 0,
            "nMops": 0
        },
        "axi2mem": {
            "Compiled": "Yes",
            "start_perf": [
                1.051016092300415,
                0.882664,
                0.112913,
                288012,
                288036,
                1731999740.8542221,
                49854900745462
            ],
            "child_modules": {},
            "nRouts": 103,
            "nQuads": 747,
            "Compiled Times": 1,
            "end_perf": [
                1.0735299587249756,
                0.90373400000000004,
                0.11433500000000001,
                288012,
                288036,
                49854952654013,
                124554051585,
                0
            ],
            "nMops": 1780
        },
        "multiplier_0000": {
            "Compiled": "Yes",
            "start_perf": [
                0.90096306800842285,
                0.74044100000000002,
                0.105431,
                288012,
                288036,
                1731999740.704169,
                49854555012820
            ],
            "child_modules": {},
            "nRouts": 53,
            "nQuads": 498,
            "Compiled Times": 1,
            "end_perf": [
                0.92038512229919434,
                0.75877700000000003,
                0.10649500000000001,
                288012,
                288036,
                49854599846098,
                68719476737,
                0
            ],
            "nMops": 1406
        },
        "std": {
            "Compiled": "Yes",
            "svclass": [
                "$vcs_nba_dyn_obj",
                576,
                35,
                2,
                2,
                0,
                "sigprop$$",
                576,
                35,
                2,
                2,
                0,
                "process",
                2380,
                200,
                8,
                8,
                0,
                "event",
                597,
                34,
                2,
                2,
                0,
                "mailbox",
                1769,
                140,
                9,
                9,
                0,
                "semaphore",
                1119,
                84,
                5,
                5,
                0
            ],
            "start_perf": [
                0.59655499458312988,
                0.46470600000000001,
                0.076877000000000001,
                287020,
                287864,
                1731999740.399761,
                49853853662891
            ],
            "child_modules": {},
            "nRouts": 33,
            "Compiled Times": 1,
            "nQuads": 218,
            "end_perf": [
                0.60741400718688965,
                0.46893000000000001,
                0.083491999999999997,
                288008,
                288012,
                49853878714978,
                8589934594,
                0
            ],
            "nMops": 528
        },
        "frontend": {
            "Compiled": "Yes",
            "start_perf": [
                0.60747599601745605,
                0.46898299999999998,
                0.083501000000000006,
                288008,
                288012,
                1731999740.410682,
                49853878823642
            ],
            "child_modules": {},
            "nRouts": 547,
            "Compiled Times": 1,
            "nQuads": 6065,
            "end_perf": [
                0.74018192291259766,
                0.59260900000000005,
                0.092557,
                288012,
                288036,
                49854184685151,
                25769803777,
                0
            ],
            "significant_routs": [
                [
                    175,
                    "R_VCSgd_B2DB5_af",
                    8029526,
                    9734,
                    1416
                ],
                [
                    176,
                    "R_VCSgd_B2DB5_b0",
                    9781108,
                    10079,
                    1461
                ],
                [
                    179,
                    "R_VCSgd_B2DB5_b3",
                    7323272,
                    7605,
                    1038
                ],
                [
                    180,
                    "R_VCSgd_B2DB5_b4",
                    6773654,
                    7605,
                    1038
                ],
                [
                    384,
                    "R_VCSgd_B2DB5_180",
                    7872708,
                    3819,
                    471
                ]
            ],
            "nMops": 18836
        },
        "divider": {
            "Compiled": "Yes",
            "start_perf": [
                0.92045807838439941,
                0.75884200000000002,
                0.106504,
                288012,
                288036,
                1731999740.723664,
                49854599955130
            ],
            "child_modules": {},
            "nRouts": 109,
            "Compiled Times": 1,
            "nQuads": 922,
            "end_perf": [
                0.94402003288269043,
                0.78163400000000005,
                0.107139,
                288012,
                288036,
                49854654443975,
                73014444033,
                0
            ],
            "significant_routs": [
                [
                    44,
                    "R_VCSgd_ANMrv_2c",
                    9039296,
                    5737,
                    579
                ]
            ],
            "nMops": 2067
        },
        "pipe_ctrl": {
            "Compiled": "Yes",
            "start_perf": [
                0.74027204513549805,
                0.59268699999999996,
                0.092568999999999999,
                288012,
                288036,
                1731999740.543478,
                49854184816831
            ],
            "child_modules": {},
            "nRouts": 261,
            "Compiled Times": 1,
            "nQuads": 2307,
            "end_perf": [
                0.79560708999633789,
                0.64277700000000004,
                0.097788,
                288012,
                288036,
                49854312353280,
                38654705665,
                0
            ],
            "significant_routs": [
                [
                    82,
                    "R_VCSgd_gAERR_52",
                    6608500,
                    5387,
                    503
                ]
            ],
            "nMops": 5630
        },
        "csr": {
            "Compiled": "Yes",
            "start_perf": [
                0.94420313835144043,
                0.78179600000000005,
                0.10716199999999999,
                288012,
                288036,
                1731999740.7474091,
                49854654696687
            ],
            "child_modules": {},
            "nRouts": 292,
            "Compiled Times": 1,
            "nQuads": 2897,